INSERT INTO status VALUES (1, 'Prochainement');
INSERT INTO status VALUES (2, 'En cours');
INSERT INTO status VALUES (3, 'Terminé');

INSERT INTO sexe VALUES (1, 'Mâle');
INSERT INTO sexe VALUES (2, 'Femelle');

INSERT INTO tuteur (nom, prenom, date_naissance, adresse, conctact, email, mdp, id_sexe) VALUES
 ('Rasolofomanana', 'Mamy', '1990-04-12', 'Lot II D 23, Antananarivo', '0321234567', 'mamy.rasolofomanana@example.com', 'Mamy123', 1),
 ('Rajoelina', 'Hanta', '1985-06-19', 'Lot 5 B 12, Antananarivo', '0339876543', 'hanta.rajoelina@example.com', 'Hanta123', 2),
 ('Rakoto', 'Tiana', '1975-11-30', 'Lot III C 45, Antananarivo', '0345678901', 'tiana.rakoto@example.com', 'Tiana123', 1),
 ('Randriamalala', 'Voahirana', '1993-02-15', 'Lot IV D 56, Antananarivo', '0321122334', 'voahirana.randriamalala@example.com', 'Voahirana123', 2),
 ('Andrianarisoa', 'Lova', '1988-09-25', 'Lot V A 67, Antananarivo', '0334433221', 'lova.andrianarisoa@example.com', 'Lova123', 1),
 ('Rakotomalala', 'Hasina', '1983-03-14', 'Lot VI B 78, Antananarivo', '0348765432', 'hasina.rakotomalala@example.com', 'Hasina123', 2),
 ('Randrianantenaina', 'Miora', '1995-07-05', 'Lot VII C 89, Antananarivo', '0323344556', 'miora.randrianantenaina@example.com', 'Miora123', 2),
 ('Rasoamalala', 'Feno', '1978-12-22', 'Lot VIII D 10, Antananarivo', '0339988776', 'feno.rasoamalala@example.com', 'Feno123', 1),
 ('Rakotomandimby', 'Voary', '1982-08-10', 'Lot IX A 11, Antananarivo', '0343456789', 'voary.rakotomandimby@example.com', 'Voary123', 2),
 ('Ranaivoson', 'Antsa', '1997-01-01', 'Lot X B 12, Antananarivo', '0325566778', 'antsa.ranaivoson@example.com', 'Antsa123', 1),
 ('Ravelojaona', 'Kanto', '1980-05-20', 'Lot XI C 13, Antananarivo', '0336677889', 'kanto.ravelojaona@example.com', 'Kanto123', 2),
 ('Raharimalala', 'Niry', '1992-09-09', 'Lot XII D 14, Antananarivo', '0347788990', 'niry.raharimalala@example.com', 'Niry123', 1),
 ('Ravohangy', 'Soa', '1984-11-11', 'Lot XIII A 15, Antananarivo', '0328899001', 'soa.ravohangy@example.com', 'Soa123', 2),
 ('Randriamanana', 'Faly', '1979-10-02', 'Lot XIV B 16, Antananarivo', '0339900112', 'faly.randriamanana@example.com', 'Faly123', 1),
 ('Rakotondraibe', 'Lalao', '1987-03-27', 'Lot XV C 17, Antananarivo', '0340011223', 'lalao.rakotondraibe@example.com', 'Lalao123', 2),
 ('Ravelonarivo', 'Fara', '1989-06-17', 'Lot XVI D 18, Antananarivo', '0321122334', 'fara.ravelonarivo@example.com', 'Fara123', 2),
 ('Rasamimanana', 'Hery', '1977-07-18', 'Lot XVII A 19, Antananarivo', '0332233445', 'hery.rasamimanana@example.com', 'Hery123', 1),
 ('Randriamanampisoa', 'Faly', '1991-02-24', 'Lot XVIII B 20, Antananarivo', '0343344556', 'faly.randriamanampisoa@example.com', 'Faly123', 1),
 ('Ratsimba', 'Sitraka', '1986-04-15', 'Lot XIX C 21, Antananarivo', '0324455667', 'sitraka.ratsimba@example.com', 'Sitraka123', 2),
 ('Raveloarisoa', 'Miora', '1981-08-05', 'Lot XX D 22, Antananarivo', '0335566778', 'miora.raveloarisoa@example.com', 'Miora123', 2);
;

INSERT INTO eleve (nom, prenom, id_sexe, date_naissance, etablissement_origine, mdp, id_classe, id_tuteur, identifiant, id_niveau) VALUES
('Rasolofomanana', 'Ando', 1, '2007-03-12', NULL, 'Ando123', NULL, 5, 'ando.rasolofomanana@lcsmi.itaosy', 27),
('Rajoelina', 'Emma', 2, '2006-08-19', NULL, 'Emma123', NULL, 6, 'emma.rajoelina@lcsmi.itaosy', 29),
('Rakoto', 'Noah', 1, '2008-02-25', NULL, 'Noah123', NULL, 7, 'noah.rakoto@lcsmi.itaosy', 27),
('Randriamalala', 'Lova', 2, '2009-01-15', NULL, 'Lova123', NULL, 8, 'lova.randriamalala@lcsmi.itaosy', 29),
('Andrianarisoa', 'Lucas', 1, '2007-07-25', NULL, 'Lucas123', NULL, 9, 'lucas.andrianarisoa@lcsmi.itaosy', 27),
('Rakotomalala', 'Alice', 2, '2006-12-30', NULL, 'Alice123', NULL, 10, 'alice.rakotomalala@lcsmi.itaosy', 29),
('Randrianantenaina', 'Tiana', 1, '2008-05-10', NULL, 'Tiana123', NULL, 11, 'tiana.randrianantenaina@lcsmi.itaosy', 27),
('Rasoamalala', 'Liam', 2, '2009-09-14', NULL, 'Liam123', NULL, 12, 'liam.rasoamalala@lcsmi.itaosy', 29),
('Rakotomandimby', 'Chloe', 1, '2006-11-22', NULL, 'Chloe123', NULL, 13, 'chloe.rakotomandimby@lcsmi.itaosy', 27),
('Ranaivoson', 'Miora', 2, '2008-03-12', NULL, 'Miora123', NULL, 14, 'miora.ranaivoson@lcsmi.itaosy', 29),
('Ravelojaona', 'Lanto', 1, '2007-06-18', NULL, 'Lanto123', NULL, 15, 'lanto.ravelojaona@lcsmi.itaosy', 27),
('Raharimalala', 'Hery', 2, '2006-09-09', NULL, 'Hery123', NULL, 16, 'hery.raharimalala@lcsmi.itaosy', 29),
('Ravohangy', 'Soa', 1, '2009-04-21', NULL, 'Soa123', NULL, 17, 'soa.ravohangy@lcsmi.itaosy', 27),
('Randriamanana', 'Antsa', 2, '2008-08-01', NULL, 'Antsa123', NULL, 18, 'antsa.randriamanana@lcsmi.itaosy', 29),
('Rakotondraibe', 'Kanto', 1, '2007-12-17', NULL, 'Kanto123', NULL, 19, 'kanto.rakotondraibe@lcsmi.itaosy', 27),
('Ravelonarivo', 'Sitraka', 2, '2006-07-29', NULL, 'Sitraka123', NULL, 20, 'sitraka.ravelonarivo@lcsmi.itaosy', 29),
('Rasamimanana', 'Faly', 1, '2009-01-02', NULL, 'Faly123', NULL, 21, 'faly.rasamimanana@lcsmi.itaosy', 27),
('Randriamanampisoa', 'Zo', 2, '2008-10-24', NULL, 'Zo123', NULL, 22, 'zo.randriamanampisoa@lcsmi.itaosy', 29),
('Ratsimba', 'Niry', 1, '2007-04-15', NULL, 'Niry123', NULL, 23, 'niry.ratsimba@lcsmi.itaosy', 27),
('Raveloarisoa', 'Hery', 2, '2006-11-05', NULL, 'Hery123', NULL, 24, 'hery.raveloarisoa@lcsmi.itaosy', 29),
('Randrianarisoa', 'Fara', 1, '2008-05-17', NULL, 'Fara123', NULL, 5, 'fara.randrianarisoa@lcsmi.itaosy', 27),
('Raharisoa', 'Mamy', 2, '2009-08-18', NULL, 'Mamy123', NULL, 6, 'mamy.raharisoa@lcsmi.itaosy', 29),
('Rasolofoson', 'Niry', 1, '2007-03-23', NULL, 'Niry123', NULL, 7, 'niry.rasolofoson@lcsmi.itaosy', 27),
('Rakotovao', 'Hasina', 2, '2006-10-12', NULL, 'Hasina123', NULL, 8, 'hasina.rakotovao@lcsmi.itaosy', 29),
('Ravelonirina', 'Tiana', 1, '2008-12-20', NULL, 'Tiana123', NULL, 9, 'tiana.ravelonirina@lcsmi.itaosy', 27)
;

INSERT INTO eleve_annee_scolaire (id_annee_scolaire, id_eleve, id_niveau, id_classe) VALUES
(1, 28, 27, NULL),
(1, 29, 29, NULL),
(1, 30, 27, NULL),
(1, 31, 29, NULL),
(1, 32, 27, NULL),
(1, 33, 29, NULL),
(1, 34, 27, NULL),
(1, 35, 29, NULL),
(1, 36, 27, NULL),
(1, 37, 29, NULL),
(1, 38, 27, NULL),
(1, 39, 29, NULL),
(1, 40, 27, NULL),
(1, 41, 29, NULL),
(1, 42, 27, NULL),
(1, 43, 29, NULL),
(1, 44, 27, NULL),
(1, 45, 29, NULL),
(1, 46, 27, NULL),
(1, 47, 29, NULL),
(1, 48, 27, NULL),
(1, 49, 29, NULL),
(1, 50, 27, NULL),
(1, 51, 29, NULL),
(1, 52, 27, NULL);

INSERT INTO eleve (nom, prenom, id_sexe, date_naissance, mdp, id_tuteur, identifiant) VALUES
('Randria Mijoro', 'Andry', 1, '2006-01-15',  'Andry123',  5, 'Andry.Randria'),
('Rakoto', 'Sarah', 2, '2007-02-20',  'Sarah123',  6, 'Sarah.Rakoto'),
('Andrianina', 'Jean-Paul', 1, '2005-03-25',  'Jean-Paul123',  7, 'Jean-Paul.Andrianina'),
('Ratsimba', 'Marie-Claire', 2, '2006-04-10',  'Marie-Claire123',  8, 'Marie-Claire.Ratsimba'),
('Rabe', 'Michel', 1, '2007-05-05',  'Michel123',  9, 'Michel.Rabe'),
('Randrianarisoa', 'Lova', 1, '2008-06-15',  'Lova123',  10, 'Lova.Randrianarisoa'),
('Raharinaivo', 'Miora', 2, '2006-07-20',  'Miora123',  11, 'Miora.Raharinaivo'),
('Ratsimandresy', 'Maheriniana', 1, '2005-08-25',  'Hery123',  12, 'Hery.Ratsimandresy'),
('Rakotoniaina', 'Faly', 1, '2007-09-10',  'Faly123',  13, 'Faly.Rakotoniaina'),
('Rasamoelina', 'Tatiana', 2, '2006-10-05',  'Tatiana123',  14, 'Tatiana.Rasamoelina'),
('Razafimahaleo', 'David', 1, '2008-11-15',  'David123',  15, 'David.Razafimahaleo'),
('Ravelo', 'Elsa', 2, '2006-12-20',  'Elsa123',  16, 'Elsa.Ravelo'),
('Ravoninahitriniarivo', 'Chris', 1, '2005-01-25',  'Chris123',  17, 'Chris.Ravoninahitriniarivo'),
('Ravoavy', 'Nothahina Andy', 1, '2007-02-10',  'Patrick123',  18, 'Patrick.Ravoavy'),
('Razafindrafito', 'Anna', 2, '2006-03-05',  'Anna123',  19, 'Anna.Razafindrafito'),
('Andrianantenaina', 'Luc', 1, '2008-04-15',  'Luc123',  20, 'Luc.Andrianantenaina'),
('Rakotomalala', 'Nadine', 2, '2006-05-20',  'Nadine123',  21, 'Nadine.Rakotomalala'),
('Rabenoro', 'Paul', 1, '2005-06-25',  'Paul123',  22, 'Paul.Rabenoro'),
('Ratsarazaka', 'Claire', 2, '2007-07-10',  'Claire123',  23, 'Claire.Ratsarazaka'),
('Randrianarisoa', 'Eric', 1, '2006-08-05',  'Eric123',  24, 'Eric.Randrianarisoa'),
('Rakotomavo', 'Tahiry', 1, '2008-09-15',  'Jean123',  5, 'Jean.Rakotomavo'),
('Rasolomampionona', 'Laura', 2, '2006-10-20',  'Laura123',  6, 'Laura.Rasolomampionona'),
('Rafanomezantsoa', 'Marc', 1, '2005-11-25',  'Marc123',  7, 'Marc.Rafanomezantsoa'),
('Andrianarivo', 'Christine', 2, '2007-12-10',  'Christine123',  8, 'Christine.Andrianarivo'),
('Ratsimihah', 'Nicolas', 1, '2006-01-05',  'Nicolas123',  9, 'Nicolas.Ratsimihah'),
('Rakotondrabe', 'Emma', 2, '2008-02-15',  'Emma123',  10, 'Emma.Rakotondrabe'),
('Randriarisoa', 'Gabriel', 1, '2006-03-20',  'Gabriel123',  11, 'Gabriel.Randriarisoa'),
('Ravelomanana', 'Anjarasoa Isabelle', 2, '2005-04-25',  'Isabelle123',  12, 'Isabelle.Ravelomanana'),
('Rakotomalala', 'Tom', 1, '2007-05-10',  'Tom123',  13, 'Tom.Rakotomalala'),
('Ramaroson', 'Julie', 2, '2006-06-05',  'Julie123',  14, 'Julie.Ramaroson'),
('Rajaonarison', 'Ryan', 1, '2008-07-15',  'Louis123',  15, 'Louis.Rajaonarison'),
('Razafindrakoto', 'Miora Sophia', 2, '2006-08-20',  'Sophia123',  16, 'Sophia.Razafindrakoto'),
('Rakotoarisoa', 'Max', 1, '2005-09-25',  'Max123',  17, 'Max.Rakotoarisoa'),
('Randrianarisoa', 'Fanilo Sarobidy', 2, '2007-10-10',  'Chloe123',  18, 'Chloe.Randrianarisoa'),
('Rabarison', 'Alex', 1, '2006-11-05',  'Alex123',  19, 'Alex.Rabarison'),
('Randriamanantena', 'Tiana Eva', 2, '2008-12-15',  'Eva123',  20, 'Eva.Randriamanantena'),
('Rakotovao', 'Ny Aina Victor', 1, '2006-01-20',  'Victor123',  21, 'Victor.Rakotovao'),
('Rasamimanana', 'Mia', 2, '2005-02-25',  'Mia123',  22, 'Mia.Rasamimanana'),
('Randrianarivony', 'Tianarivelo', 1, '2007-03-10',  'Sam123',  23, 'Sam.Randrianarivony'),
('Rakotobe', 'Lea', 2, '2006-04-05',  'Lea123',  24, 'Lea.Rakotobe'),
('Rakoto', 'Julien', 1, '2008-05-15',  'Julien123',  5, 'Julien.Rakoto'),
('Andriamanjato', 'Clara', 2, '2006-06-20',  'Clara123',  6, 'Clara.Andriamanjato'),
('Randriamampianina', 'Paul', 1, '2005-07-25',  'Paul123',  7, 'Paul.Randriamampianina'),
('Rakotoarivelo', 'Marie', 2, '2007-08-10',  'Marie123',  8, 'Marie.Rakotoarivelo'),
('Rajoelina', 'Lucien', 1, '2006-09-05',  'Lucien123',  9, 'Lucien.Rajoelina'),
('Raveloarisoa', 'Celine', 2, '2008-10-15',  'Celine123',  10, 'Celine.Raveloarisoa'),
('Randriamanana', 'Philippe', 1, '2006-11-20',  'Philippe123',  11, 'Philippe.Randriamanana'),
('Ravololomanana', 'Margaret', 2, '2005-12-25',  'Margaret123',  12, 'Margaret.Ravololomanana'),
('Rakotonirina', 'Antoine', 1, '2007-01-10',  'Antoine123',  13, 'Antoine.Rakotonirina'),
('Randrianambinina', 'Helena', 2, '2006-02-05',  'Helena123',  14, 'Helena.Randrianambinina'),
('Ramanantsoa', 'Andraina', 1, '2008-03-15',  'Pierre123',  15, 'Pierre.Ramanantsoa'),
('Rasolofondraibe', 'Sandra', 2, '2006-04-20',  'Sandra123',  16, 'Sandra.Rasolofondraibe'),
('Rakotondrainibe', 'Laurent', 1, '2005-05-25',  'Laurent123',  17, 'Laurent.Rakotondrainibe'),
('Randriamanantena', 'Lilia', 2, '2007-06-10',  'Lilia123',  18, 'Lilia.Randriamanantena'),
('Rakotonirina', 'Samuel', 1, '2006-07-05',  'Samuel123',  19, 'Samuel.Rakotonirina'),
('Andrianarisoa', 'Caroline', 2, '2008-08-15',  'Caroline123',  20, 'Caroline.Andrianarisoa'),
('Ravelonarivo', 'Jerome', 1, '2006-09-20',  'Jerome123',  21, 'Jerome.Ravelonarivo'),
('Rakotondrazaka', 'Elisa', 2, '2005-10-25',  'Elise123',  22, 'Elise.Rakotondrazaka'),
('Randriamanampisoa', 'MinoAndry', 1, '2007-11-10',  'Bruno123',  23, 'Bruno.Randriamanampisoa'),
('Rabenarivo', 'Tia Lucie', 2, '2006-12-05',  'Lucie123',  24, 'Lucie.Rabenarivo'),
('Randrianasolo', 'Miaro Ismael', 1, '2008-01-15',  'Henry123',  5, 'Henry.Randrianasolo'),
('Rakotomavo', 'Annick', 2, '2006-02-20',  'Annick123',  6, 'Annick.Rakotomavo'),
('Rasolonjanahary', 'Didier', 1, '2005-03-25',  'Didier123',  7, 'Didier.Rasolonjanahary'),
('Rafanomezantsoa', 'Fitia Estelle', 2, '2007-04-10',  'Estelle123',  8, 'Estelle.Rafanomezantsoa'),
('Rakotomanga', 'Alain', 1, '2006-05-05',  'Alain123',  9, 'Alain.Rakotomanga'),
('Randriamanana', 'Helene', 2, '2008-06-15',  'Helene123',  10, 'Helene.Randriamanana'),
('Rakotoarivony', 'Tiavaina Harivelo', 1, '2006-07-20',  'Pascal123',  11, 'Pascal.Rakotoarivony'),
('Raharinaivo', 'Gabrielle', 2, '2005-08-25',  'Gabrielle123',  12, 'Gabrielle.Raharinaivo'),
('Randrianarivony', 'Olivier', 1, '2007-09-10',  'Olivier123',  13, 'Olivier.Randrianarivony'),
('Rakotoniaina', 'Christine', 2, '2006-10-05',  'Christine123',  14, 'Christine.Rakotoniaina'),
('Razafindratovo', 'Luc', 1, '2008-11-15',  'Jean-Luc123',  15, 'Jean-Luc.Razafindratovo'),
('Rasoamanana', 'Tiantsoa Joelle', 2, '2006-12-20',  'Noeline123',  16, 'Noeline.Rasoamanana'),
('Ratsimbazafy', 'Yannick', 1, '2005-01-25',  'Yannick123',  17, 'Yannick.Ratsimbazafy'),
('Ramaniraka', 'Notolorana', 2, '2007-02-10',  'Ghislaine123',  18, 'Ghislaine.Ramaniraka'),
('Rajaonarivelo', 'Henri', 1, '2006-03-05',  'Henri123',  19, 'Henri.Rajaonarivelo'),
('Rakotovao', 'Catherine', 2, '2008-04-15',  'Catherine123',  20, 'Catherine.Rakotovao'),
('Ratsimba', 'Albert', 1, '2006-05-20',  'Albert123',  21, 'Albert.Ratsimba'),
('Ramanantsoa', 'Tiavina Valerie', 2, '2005-06-25',  'Valerie123',  22, 'Valerie.Ramanantsoa'),
('Rakotondrabe', 'Eric', 1, '2007-07-10',  'Eric123',  23, 'Eric.Rakotondrabe'),
('Randrianarisoa', 'Mitia Yoanna', 2, '2006-08-05',  'Lucienne123',  24, 'Lucienne.Randrianarisoa'),
('Rakotonirina', 'Alain', 1, '2008-09-15',  'Alain123',  5, 'Alain.Rakotonirina'),
('Randrianarivelo', 'Florence', 2, '2006-10-20',  'Florence123',  6, 'Florence.Randrianarivelo'),
('Rakotomalala', 'Frederic', 1, '2005-11-25',  'Frederic123',  7, 'Frederic.Rakotomalala'),
('Raharinaivo', 'Gisele', 2, '2007-12-10',  'Gisele123',  8, 'Gisele.Raharinaivo'),
('Rafarasoa', 'Thierry', 1, '2006-01-05',  'Thierry123',  9, 'Thierry.Rafarasoa'),
('Rakoto', 'Sophie', 2, '2008-02-15',  'Sophie123',  10, 'Sophie.Rakoto'),
('Rafalimanana', 'Patrick', 1, '2006-03-20',  'Patrick123',  11, 'Patrick.Rafalimanana'),
('Randriamanampisoa', 'Dominique', 2, '2005-04-25',  'Dominique123',  12, 'Dominique.Randriamanampisoa'),
('Rakotomalala', 'Bernard', 1, '2007-05-10',  'Bernard123',  13, 'Bernard.Rakotomalala'),
('Ratsiraka', 'Edith', 2, '2006-06-05',  'Edith123',  14, 'Edith.Ratsiraka'),
('Randrianasolo', 'Jean-Baptiste', 1, '2008-07-15',  'Jean-Baptiste123',  15, 'Jean-Baptiste.Randrianasolo'),
('Rakotoniaina', 'Sandrine', 2, '2006-08-20',  'Sandrine123',  16, 'Sandrine.Rakotoniaina'),
('Ramiaramanana', 'Billy', 1, '2005-09-25',  'Rene123',  17, 'Rene.Rafidy'),
('Ramaroson', 'Lucienne', 2, '2007-10-10',  'Lucienne123',  18, 'Lucienne.Ramaroson'),
('Rasamoelina', 'Tahina Fenotiana', 1, '2006-11-05',  'Roger123',  19, 'Roger.Rasamoelina');

INSERT INTO tuteur (nom, prenom, date_naissance, adresse, conctact, email, mdp, id_sexe) VALUES
('Rasendra', 'Jean Paul', '1970-03-15', 'Antananarivo', '0321234567', 'jeanpaul.rasendra@example.com', 'JeanPaul123', 1),
('Rakoto', 'Marie Claire', '1980-07-20', 'Antananarivo', '0339876543', 'marieclaire.rakoto@example.com', 'MarieClaire123', 2),
('Ranaivo', 'Eric', '1975-12-01', 'Antananarivo', '0341122334', 'eric.ranaivo@example.com', 'Eric123', 1),
('Ravelo', 'Faratiana', '1983-05-22', 'Antananarivo', '0385566778', 'anais.ravelo@example.com', 'Anais123', 2),
('Randrianarivelo', 'Patrick', '1970-11-30', 'Antananarivo', '0329988776', 'patrick.randrianarivelo@example.com', 'Patrick123', 1),
('Rasoarimalala', 'Verotiana Nathalie', '1987-09-14', 'Antananarivo', '0334455667', 'nathalie.rasoarimalala@example.com', 'Nathalie123', 2),
('Ratsimba', 'David', '1975-02-17', 'Antananarivo', '0347788996', 'david.ratsimba@example.com', 'David123', 1),
('Raharisoa', 'Harinavalona', '1992-08-25', 'Antananarivo', '0323344556', 'sophie.raharisoa@example.com', 'Sophie123', 2),
('Raharimanana', 'Michel', '1969-06-10', 'Antananarivo', '0336677889', 'michel.raharimanana@example.com', 'Michel123', 1),
('Ravelonarivo', 'Isabelle', '1988-01-19', 'Antananarivo', '0341122445', 'isabelle.ravelonarivo@example.com', 'Isabelle123', 2),
('Randriamanantsoa', 'Julien', '1982-11-15', 'Antananarivo', '0382233445', 'julien.randriamanantsoa@example.com', 'Julien123', 1),
('Ratsimbazafy', 'Martine', '1985-03-18', 'Antananarivo', '0325566778', 'martine.ratsimbazafy@example.com', 'Martine123', 2),
('Rakotomalala', 'Marc', '1978-09-23', 'Antananarivo', '0337788990', 'pierre.rakotomalala@example.com', 'Pierre123', 1),
('Randrianasolo', 'Rindra', '1989-02-14', 'Antananarivo', '0343344556', 'christine.randrianasolo@example.com', 'Christine123', 2),
('Rajaonarison', 'Jacques', '1972-07-12', 'Antananarivo', '0384455667', 'jacques.rajaonarison@example.com', 'Jacques123', 1),
('Raharivony', 'Alice', '1990-10-01', 'Antananarivo', '0326677889', 'alice.raharivony@example.com', 'Alice123', 2),
('Randrianjafy', 'Henri', '1976-06-20', 'Antananarivo', '0338899001', 'henri.randrianjafy@example.com', 'Henri123', 1),
('Ratsiraka', 'Julie', '1984-04-28', 'Antananarivo', '0345566778', 'julie.ratsiraka@example.com', 'Julie123', 2),
('Rakotoson', 'Nirina Patrick', '1971-12-05', 'Antananarivo', '0386677889', 'alain.rakotoson@example.com', 'Alain123', 1),
('Raharinaivo', 'Carole', '1986-08-30', 'Antananarivo', '0327788990', 'carole.raharinaivo@example.com', 'Carole123', 2);

INSERT INTO eleve_annee_scolaire (id_annee_scolaire, id_eleve, id_niveau, id_classe) VALUES
(2, 57, 27, NULL),
(2, 58, 29, NULL),
(2, 59, 30, NULL),
(2, 60, 31, NULL),
(2, 61, 32, NULL),
(2, 62, 27, NULL),
(2, 63, 29, NULL),
(2, 64, 30, NULL),
(2, 65, 31, NULL),
(2, 66, 32, NULL),
(2, 67, 27, NULL),
(2, 68, 29, NULL),
(2, 69, 30, NULL),
(2, 70, 31, NULL),
(2, 71, 32, NULL),
(2, 72, 27, NULL),
(2, 73, 29, NULL),
(2, 74, 30, NULL),
(2, 75, 31, NULL),
(2, 76, 32, NULL),
(2, 77, 27, NULL),
(2, 78, 29, NULL),
(2, 79, 30, NULL),
(2, 80, 31, NULL),
(2, 81, 32, NULL),
(2, 82, 27, NULL),
(2, 83, 29, NULL),
(2, 84, 30, NULL),
(2, 85, 31, NULL),
(2, 86, 32, NULL),
(2, 87, 27, NULL),
(2, 88, 29, NULL),
(2, 89, 30, NULL),
(2, 90, 31, NULL),
(2, 91, 32, NULL),
(2, 92, 27, NULL),
(2, 93, 29, NULL),
(2, 94, 30, NULL),
(2, 95, 31, NULL),
(2, 96, 32, NULL),
(2, 97, 27, NULL),
(2, 98, 29, NULL),
(2, 99, 30, NULL),
(2, 100, 31, NULL),
(2, 101, 32, NULL),
(2, 102, 27, NULL),
(2, 103, 29, NULL),
(2, 104, 30, NULL),
(2, 105, 31, NULL),
(2, 106, 32, NULL),
(2, 107, 27, NULL),
(2, 108, 29, NULL),
(2, 109, 30, NULL),
(2, 110, 31, NULL),
(2, 111, 32, NULL),
(2, 112, 27, NULL),
(2, 113, 29, NULL),
(2, 114, 30, NULL),
(2, 115, 31, NULL),
(2, 116, 32, NULL),
(2, 117, 27, NULL),
(2, 118, 29, NULL),
(2, 119, 30, NULL),
(2, 120, 31, NULL),
(2, 121, 32, NULL),
(2, 122, 27, NULL),
(2, 123, 29, NULL),
(2, 124, 30, NULL),
(2, 125, 31, NULL),
(2, 126, 32, NULL);

